is it rainy?,rain
will it rain today?,rain
how will the weather be ?,weather
how is the weather ?,weather
how’s gonna be the weather?,weather
is it cloudy?,weather
what’s the weather like?,weather
is it sunny ?,weather
is it rainy outside?,rain
how is today’s weather like?,weather
will it drizzle ?,rain
is the weather fine?,weather
will it rain?,rain
will it rain tomorrow?,rain
how is the weather in bengaluru?,weather
any chance of rain today?,rain
what is the temperature ,temperature
is it raining in chennai?,rain
how is the weather in Pune?,weather
will it rain in pune?,rain
get me today’s weather,weather
what is today’s min temperature ,temperature
what is today’s minimum temperature,temperature
what is the temperature ,temperature
can i expect any showers?,rain
will there be any shower tomorrow,rain
how hot will it be today?,temperature
will it drizzle today?,rain
how cold will it be today?,temperature
how high the temperature will go,temperature
how low the temperature will go,temperature
how much will the temperature dip today,temperature
how high the temperature will go in chennai?,temperature
is it too hot in goa?,temperature
what is the current weather?,weather
what is the current temperature?,temperature
weather update?,weather
possibility of rain ,rain
what is today’s max temperature ,temperature
what is today’s maximum temperature ,temperature
what is the weather like outside?,weather
what is the status of weather day after tomorrow,weather
will it rain day after tomorrow,rain
give me the weather report of today,weather
give me the weather report of tomorrow,weather
tell me the status of weather on 20/04/2017,weather
possibility of rain on 20/04/2017,rain
how hot is today?,temperature
weather report of karnataka?,weather
will it rain in andhra pradesh tomorrow?,rain
what will be th weather of coimbatore tomorrow?,weather
will it rain in koramangala on 20/04/2017,rain
give me the exact temperature of kerela,temperature
weather in guntur?,weather
probability of rain in coimbatore on 20/04/2017,rain
will it be sunny tomorrow,weather
is there any possibility of rain today?,rain
is it rainy today?,rain
how will be the weather tomorrow?,weather
what will be the temperature tomorrow?,temperature
how hot will be day after tomorrow?,temperature
tell me the correct weather of jaipur,weather
what is the highest temperature in delhi?,temperature
what is the lowest temperature in kashmir?,temperature
what will be the maximum temperature tomorrow?,temperature
what will be the minimum temperature tomorrow?,temperature
maximum and minimum temperature on 20/04/2017,temperature
tell me the peak temperature of meghalaya,temperature
utmost temperature of rajasthan,temperature
minimal temperture of coorg,temperature
coldest temperature in kodaikanal ,temperature
hottest temperature in chennai,temperature
coolest on monday,temperature
coolest temperature in lucknow,temperature
